Date,KOSPI,KOSPI200,KOSPI4,KOSDAQ,VKOSPI
2022-02-28,2699.18 ,361.54 ,2486.33 ,881.07 ,24.41 
2022-03-02,2703.52 ,360.59 ,2519.64 ,895.45 ,24.89 
2022-03-03,2747.08 ,367.06 ,2543.64 ,912.32 ,22.73 
2022-03-04,2713.43 ,361.69 ,2544.88 ,900.96 ,24.57 
2022-03-07,2651.31 ,353.03 ,2510.17 ,881.54 ,27.84 
2022-03-08,2622.40 ,349.38 ,2461.07 ,870.14 ,28.95 
2022-03-10,2680.32 ,358.01 ,2481.42 ,889.08 ,25.71 
2022-03-11,2661.28 ,355.31 ,2511.84 ,891.71 ,24.41 
2022-03-14,2645.65 ,354.61 ,2492.41 ,872.44 ,24.70 
2022-03-15,2621.53 ,351.03 ,2475.46 ,871.22 ,25.77 
2022-03-16,2659.23 ,356.09 ,2512.73 ,891.80 ,23.74 
2022-03-17,2694.51 ,361.46 ,2531.10 ,914.13 ,22.55 
2022-03-18,2707.02 ,362.33 ,2545.14 ,922.96 ,21.93 
2022-03-21,2686.05 ,358.77 ,2554.12 ,918.40 ,22.40 
2022-03-22,2710.00 ,361.66 ,2573.06 ,924.67 ,21.03 
2022-03-23,2735.05 ,364.84 ,2596.96 ,930.57 ,19.61 
2022-03-24,2729.66 ,363.38 ,2611.96 ,931.75 ,19.73 
2022-03-25,2729.98 ,362.06 ,2603.51 ,934.69 ,19.62 
2022-03-28,2729.56 ,362.06 ,2607.03 ,927.11 ,19.60 
2022-03-29,2741.07 ,363.77 ,2602.83 ,937.83 ,18.75 
2022-03-30,2746.74 ,364.50 ,2599.06 ,939.07 ,17.88 
2022-03-31,2757.65 ,365.61 ,2618.50 ,944.53 ,17.14 
2022-04-01,2739.85 ,363.19 ,2626.00 ,940.57 ,17.07 
2022-04-04,2757.90 ,364.94 ,2659.46 ,947.32 ,16.49 
2022-04-05,2759.20 ,364.74 ,2663.98 ,952.47 ,15.91 
2022-04-06,2735.03 ,361.01 ,2654.77 ,943.13 ,16.79 
2022-04-07,2695.86 ,355.73 ,2620.44 ,927.95 ,17.78 
2022-04-08,2700.39 ,356.01 ,2619.04 ,934.73 ,17.10 
2022-04-11,2693.10 ,355.78 ,2623.38 ,921.83 ,17.57 
2022-04-12,2666.76 ,352.32 ,2607.74 ,913.82 ,18.47 
2022-04-13,2716.49 ,359.00 ,2637.03 ,927.31 ,17.02 
2022-04-14,2716.71 ,357.38 ,2663.71 ,928.01 ,17.13 
2022-04-15,2696.06 ,353.84 ,2678.06 ,924.44 ,17.77 
2022-04-18,2693.21 ,353.63 ,2688.56 ,918.23 ,18.88 
2022-04-19,2718.89 ,357.36 ,2713.84 ,931.56 ,17.69 
2022-04-20,2718.69 ,357.52 ,2737.13 ,928.93 ,17.34 
2022-04-21,2728.21 ,359.02 ,2737.22 ,929.68 ,16.77 
2022-04-22,2704.71 ,355.43 ,2736.20 ,922.78 ,17.75 
2022-04-25,2657.13 ,348.98 ,2695.41 ,899.84 ,21.05 
2022-04-26,2668.31 ,350.67 ,2710.58 ,911.16 ,19.94 
2022-04-27,2639.06 ,346.21 ,2679.27 ,896.18 ,21.98 
2022-04-28,2667.49 ,350.16 ,2689.20 ,892.22 ,20.45 
2022-04-29,2695.05 ,355.08 ,2709.81 ,904.75 ,18.92 
2022-05-02,2687.45 ,354.02 ,2724.89 ,901.82 ,20.50 
2022-05-03,2680.46 ,353.32 ,2729.74 ,907.57 ,20.25 
2022-05-04,2677.57 ,353.85 ,2712.10 ,900.06 ,19.61 
2022-05-06,2644.51 ,349.00 ,2692.27 ,884.22 ,20.87 
2022-05-09,2610.81 ,345.41 ,2624.93 ,860.84 ,21.39 
2022-05-10,2596.56 ,343.67 ,2603.72 ,856.14 ,22.11 
2022-05-11,2592.27 ,343.44 ,2597.30 ,866.34 ,21.10 
2022-05-12,2550.08 ,337.94 ,2536.14 ,833.66 ,22.72 
2022-05-13,2604.24 ,345.50 ,2568.86 ,853.08 ,19.69 
2022-05-16,2596.58 ,343.94 ,2591.86 ,856.25 ,20.27 
2022-05-17,2620.44 ,347.53 ,2600.72 ,865.98 ,19.06 
2022-05-18,2625.98 ,348.34 ,2590.01 ,871.57 ,18.40 
2022-05-19,2592.34 ,343.24 ,2554.44 ,863.80 ,20.42 
2022-05-20,2639.29 ,349.29 ,2575.95 ,879.88 ,19.10 
2022-05-23,2647.38 ,350.34 ,2564.28 ,883.59 ,19.44 
2022-05-24,2605.87 ,344.08 ,2526.00 ,865.07 ,20.61 
2022-05-25,2617.22 ,345.60 ,2537.05 ,872.69 ,19.89 
2022-05-26,2612.45 ,344.26 ,2537.75 ,871.43 ,19.91 
2022-05-27,2638.05 ,348.04 ,2556.81 ,873.97 ,18.80 
2022-05-30,2669.66 ,352.49 ,2585.01 ,886.44 ,17.74 
2022-05-31,2685.90 ,354.54 ,2595.77 ,893.36 ,17.26 
2022-06-02,2658.99 ,350.51 ,2593.22 ,891.14 ,17.60 
2022-06-03,2670.65 ,352.01 ,2597.59 ,891.51 ,16.87 
2022-06-07,2626.34 ,345.67 ,2573.37 ,873.78 ,18.10 
2022-06-08,2626.15 ,346.22 ,2569.37 ,874.95 ,17.10 
2022-06-09,2625.44 ,346.62 ,2549.60 ,877.18 ,17.00 
2022-06-10,2595.87 ,341.89 ,2531.08 ,869.86 ,18.29 
2022-06-13,2504.51 ,329.88 ,2432.42 ,828.77 ,23.30 
2022-06-14,2492.97 ,328.23 ,2395.61 ,823.58 ,23.74 
2022-06-15,2447.38 ,322.21 ,2324.87 ,799.41 ,24.27 
2022-06-16,2451.41 ,322.25 ,2332.84 ,802.15 ,23.72 
2022-06-17,2440.93 ,320.09 ,2322.24 ,798.69 ,25.79 
2022-06-20,2391.03 ,314.44 ,2230.34 ,769.92 ,26.37 
2022-06-21,2408.93 ,316.38 ,2261.45 ,778.30 ,23.40 
2022-06-22,2342.81 ,308.08 ,2171.96 ,746.96 ,25.64 
2022-06-23,2314.32 ,305.45 ,2075.65 ,714.38 ,25.92 
2022-06-24,2366.60 ,312.07 ,2157.43 ,750.30 ,23.94 
2022-06-27,2401.92 ,316.20 ,2226.93 ,770.60 ,22.50 
2022-06-28,2422.09 ,319.11 ,2246.57 ,769.51 ,21.21 
2022-06-29,2377.99 ,312.86 ,2248.61 ,762.35 ,22.46 
2022-06-30,2332.64 ,307.20 ,2214.18 ,745.44 ,23.90 
2022-07-01,2305.42 ,304.02 ,2186.99 ,729.48 ,23.98 
2022-07-04,2300.34 ,304.01 ,2148.87 ,722.73 ,24.07 
2022-07-05,2341.78 ,309.03 ,2198.55 ,750.95 ,22.73 
2022-07-06,2292.01 ,302.28 ,2166.88 ,744.63 ,24.67 
2022-07-07,2334.27 ,308.31 ,2196.47 ,757.97 ,23.60 
2022-07-08,2350.61 ,310.15 ,2217.32 ,766.48 ,23.00 
2022-07-11,2340.27 ,308.29 ,2212.74 ,767.04 ,23.33 
2022-07-12,2317.76 ,305.03 ,2173.36 ,750.78 ,23.33 
2022-07-13,2328.61 ,306.59 ,2181.28 ,763.18 ,23.30 
2022-07-14,2322.32 ,305.35 ,2187.77 ,766.08 ,23.32 
2022-07-15,2330.98 ,307.91 ,2176.52 ,762.39 ,22.08 
2022-07-18,2375.25 ,314.87 ,2217.82 ,776.72 ,20.53 
2022-07-19,2370.97 ,313.90 ,2238.65 ,782.33 ,20.74 
2022-07-20,2386.85 ,316.02 ,2253.22 ,790.72 ,20.31 
2022-07-21,2409.16 ,319.68 ,2261.87 ,795.15 ,20.02 
2022-07-22,2393.14 ,317.33 ,2257.58 ,789.75 ,19.71 
2022-07-25,2403.69 ,318.34 ,2259.38 ,789.69 ,19.97 
2022-07-26,2412.96 ,319.61 ,2268.16 ,789.93 ,19.38 
2022-07-27,2415.53 ,319.74 ,2282.22 ,795.70 ,19.39 
2022-07-28,2435.27 ,321.62 ,2292.34 ,798.32 ,18.36 
2022-07-29,2451.50 ,323.31 ,2314.17 ,803.62 ,17.79 
2022-08-01,2452.25 ,322.97 ,2329.19 ,807.61 ,18.22 
2022-08-02,2439.62 ,321.64 ,2317.77 ,804.34 ,19.24 
2022-08-03,2461.45 ,323.80 ,2332.59 ,815.36 ,18.45 
2022-08-04,2473.11 ,325.47 ,2333.45 ,825.16 ,17.70 
2022-08-05,2490.80 ,327.50 ,2347.61 ,831.64 ,17.00 
2022-08-08,2493.10 ,327.23 ,2355.20 ,830.86 ,17.15 
2022-08-09,2503.46 ,328.11 ,2355.49 ,833.65 ,16.50 
2022-08-10,2480.88 ,324.35 ,2356.08 ,820.27 ,17.18 
2022-08-11,2523.78 ,329.92 ,2385.89 ,832.15 ,15.74 
2022-08-12,2527.94 ,330.67 ,2400.43 ,831.63 ,15.45 
2022-08-16,2533.52 ,331.78 ,2395.16 ,834.74 ,15.42 
2022-08-17,2516.47 ,329.91 ,2373.25 ,827.42 ,15.51 
2022-08-18,2508.05 ,328.80 ,2373.39 ,826.06 ,15.77 
2022-08-19,2492.69 ,326.79 ,2362.78 ,814.17 ,15.73 
2022-08-22,2462.50 ,322.77 ,2326.34 ,795.87 ,16.76 
2022-08-23,2435.34 ,318.69 ,2318.66 ,783.42 ,17.72 
2022-08-24,2447.45 ,319.86 ,2338.06 ,793.14 ,17.48 
2022-08-25,2477.26 ,323.63 ,2363.95 ,807.37 ,16.19 
2022-08-26,2481.03 ,323.91 ,2375.06 ,802.45 ,16.19 
2022-08-29,2426.89 ,316.35 ,2328.34 ,779.89 ,18.72 
2022-08-30,2450.93 ,319.49 ,2348.66 ,797.02 ,17.47 
2022-08-31,2472.05 ,322.96 ,2358.82 ,807.04 ,17.31 
2022-09-01,2415.61 ,315.02 ,2311.64 ,788.32 ,19.20 
2022-09-02,2409.41 ,312.92 ,2307.07 ,785.88 ,19.07 
2022-09-05,2403.68 ,312.47 ,2292.96 ,771.43 ,18.87 
2022-09-06,2410.02 ,313.01 ,2319.65 ,779.46 ,18.49 
2022-09-07,2376.46 ,308.16 ,2282.57 ,768.19 ,19.85 
2022-09-08,2384.28 ,309.12 ,2292.85 ,777.81 ,19.17 
2022-09-13,2449.54 ,318.56 ,2332.81 ,796.79 ,16.68 
2022-09-14,2411.42 ,312.74 ,2313.49 ,782.93 ,18.73 
2022-09-15,2401.83 ,310.63 ,2322.04 ,781.38 ,18.39 
2022-09-16,2382.78 ,308.69 ,2293.15 ,770.04 ,19.13 
2022-09-19,2355.66 ,306.49 ,2246.64 ,751.91 ,19.64 
2022-09-20,2367.85 ,307.54 ,2269.86 ,760.35 ,19.28 
2022-09-21,2347.21 ,304.67 ,2263.12 ,754.89 ,20.80 
2022-09-22,2332.31 ,301.65 ,2258.74 ,751.41 ,20.47 
2022-09-23,2290.00 ,297.74 ,2203.81 ,729.36 ,20.33 
2022-09-26,2220.94 ,289.77 ,2090.54 ,692.37 ,24.02 
2022-09-27,2223.86 ,290.20 ,2086.35 ,698.11 ,23.62 
2022-09-28,2169.29 ,283.19 ,2026.52 ,673.87 ,26.59 
2022-09-29,2170.93 ,282.65 ,2023.78 ,675.07 ,25.96 
2022-09-30,2155.49 ,281.36 ,2014.08 ,672.65 ,27.19 
2022-10-04,2209.38 ,288.27 ,2070.08 ,696.79 ,24.99 
2022-10-05,2215.22 ,289.05 ,2052.37 ,685.34 ,24.36 
2022-10-06,2237.86 ,291.26 ,2097.15 ,706.01 ,23.37 
2022-10-07,2232.84 ,290.41 ,2088.87 ,698.49 ,23.93 
2022-10-11,2192.07 ,284.96 ,2010.40 ,669.50 ,25.78 
2022-10-12,2202.47 ,287.09 ,2002.24 ,671.67 ,24.69 
2022-10-13,2162.87 ,282.57 ,1940.31 ,651.59 ,27.22 
2022-10-14,2212.55 ,289.36 ,2000.18 ,678.24 ,23.94 
2022-10-17,2219.71 ,289.57 ,2012.76 ,682.00 ,24.40 
2022-10-18,2249.95 ,293.59 ,2047.52 ,697.09 ,22.86 
2022-10-19,2237.44 ,291.29 ,2041.87 ,690.56 ,23.21 
2022-10-20,2218.09 ,288.61 ,2026.54 ,680.44 ,24.04 
2022-10-21,2213.12 ,288.57 ,1994.70 ,674.48 ,23.94 
2022-10-24,2236.16 ,291.47 ,2017.26 ,688.50 ,24.62 
2022-10-25,2235.07 ,291.58 ,2008.99 ,688.85 ,24.23 
2022-10-26,2249.56 ,293.85 ,1993.24 ,683.17 ,23.42 
2022-10-27,2288.78 ,298.82 ,2023.50 ,695.09 ,22.12 
2022-10-28,2268.40 ,295.06 ,2023.43 ,687.63 ,22.71 
2022-10-31,2293.61 ,299.58 ,2047.46 ,695.33 ,21.97 
2022-11-01,2335.22 ,303.88 ,2080.93 ,700.05 ,21.11 
2022-11-02,2336.87 ,303.87 ,2080.31 ,697.37 ,21.13 
2022-11-03,2329.17 ,301.66 ,2090.30 ,694.13 ,21.21 
2022-11-04,2348.43 ,304.33 ,2088.59 ,693.89 ,20.84 
2022-11-07,2371.79 ,307.87 ,2109.98 ,700.48 ,20.82 
2022-11-08,2399.04 ,312.01 ,2132.68 ,713.33 ,19.99 
2022-11-09,2424.41 ,315.23 ,2155.36 ,714.60 ,20.10 
2022-11-10,2402.23 ,311.13 ,2142.44 ,707.78 ,21.21 
2022-11-11,2483.16 ,323.09 ,2175.72 ,731.22 ,19.97 
2022-11-14,2474.65 ,321.53 ,2190.43 ,729.54 ,20.32 
2022-11-15,2480.33 ,322.31 ,2209.19 ,744.96 ,19.63 
2022-11-16,2477.45 ,321.96 ,2219.38 ,743.10 ,19.87 
2022-11-17,2442.90 ,316.75 ,2201.17 ,737.54 ,20.09 
2022-11-18,2444.48 ,317.12 ,2188.88 ,731.92 ,19.87 
2022-11-21,2419.50 ,314.67 ,2169.22 ,718.57 ,19.81 
2022-11-22,2405.27 ,312.02 ,2176.15 ,712.26 ,19.09 
2022-11-23,2418.01 ,314.11 ,2201.01 ,725.59 ,17.92 
2022-11-24,2441.33 ,317.30 ,2222.00 ,738.22 ,16.85 
2022-11-25,2437.86 ,316.07 ,2229.25 ,733.56 ,16.97 
2022-11-28,2408.27 ,312.21 ,2195.81 ,717.90 ,18.12 
2022-11-29,2433.39 ,315.58 ,2219.74 ,727.54 ,17.76 
2022-11-30,2472.53 ,321.00 ,2241.83 ,729.54 ,17.78 
2022-12-01,2479.84 ,322.02 ,2273.21 ,740.60 ,17.51 
2022-12-02,2434.33 ,315.02 ,2261.81 ,732.95 ,18.49 
2022-12-05,2419.32 ,313.91 ,2258.53 ,733.32 ,17.98 
2022-12-06,2393.16 ,310.14 ,2221.15 ,719.44 ,18.19 
2022-12-07,2382.81 ,308.27 ,2215.35 ,718.14 ,18.45 
2022-12-08,2371.08 ,308.24 ,2184.57 ,712.52 ,18.38 
2022-12-09,2389.04 ,311.63 ,2201.81 ,719.49 ,17.57 
2022-12-12,2373.02 ,309.64 ,2200.90 ,715.22 ,18.52 
2022-12-13,2372.40 ,309.56 ,2203.75 ,715.16 ,19.09 
2022-12-14,2399.25 ,313.23 ,2218.91 ,729.00 ,17.27 
2022-12-15,2360.97 ,307.73 ,2213.40 ,722.68 ,16.71 
2022-12-16,2360.02 ,307.48 ,2195.36 ,717.41 ,17.03 
2022-12-19,2352.17 ,306.77 ,2186.11 ,717.22 ,17.60 
2022-12-20,2333.29 ,304.05 ,2149.10 ,703.13 ,17.98 
2022-12-21,2328.95 ,303.23 ,2161.52 ,705.70 ,17.62 
2022-12-22,2356.73 ,307.48 ,2175.30 ,715.02 ,16.60 
2022-12-23,2313.69 ,302.07 ,2134.59 ,691.25 ,17.43 
2022-12-26,2317.14 ,302.27 ,2126.37 ,694.68 ,17.46 
2022-12-27,2332.79 ,304.22 ,2151.45 ,704.19 ,17.09 
2022-12-28,2280.45 ,297.09 ,2125.91 ,692.37 ,17.53 
2022-12-29,2236.40 ,291.10 ,2086.68 ,679.29 ,18.40 
2023-01-02,2225.67 ,289.79 ,2055.09 ,671.51 ,18.85 
2023-01-03,2218.68 ,289.58 ,2054.19 ,674.95 ,18.96 
2023-01-04,2255.98 ,295.98 ,2076.04 ,683.67 ,18.17 
2023-01-05,2264.65 ,297.87 ,2088.10 ,679.92 ,17.85 
2023-01-06,2289.97 ,301.53 ,2101.80 ,688.94 ,17.74 
2023-01-09,2350.19 ,309.69 ,2134.91 ,701.21 ,18.48 
2023-01-10,2351.31 ,309.57 ,2136.45 ,696.05 ,18.22 
2023-01-11,2359.53 ,310.38 ,2155.43 ,709.77 ,17.98 
2023-01-12,2365.10 ,310.70 ,2162.07 ,710.82 ,18.34 
2023-01-13,2386.09 ,313.77 ,2170.64 ,711.82 ,17.19 
2023-01-16,2399.86 ,316.04 ,2175.10 ,716.89 ,16.88 
2023-01-17,2379.39 ,313.75 ,2164.05 ,709.71 ,16.85 
2023-01-18,2368.32 ,311.91 ,2154.76 ,711.75 ,16.80 
2023-01-19,2380.34 ,313.81 ,2158.91 ,712.89 ,16.89 
2023-01-20,2395.26 ,315.58 ,2174.74 ,717.97 ,16.81 
2023-01-25,2428.57 ,320.76 ,2187.92 ,732.35 ,16.84 
2023-01-26,2468.65 ,325.57 ,2206.58 ,738.94 ,16.53 
2023-01-27,2484.02 ,327.98 ,2218.85 ,741.25 ,16.86 
2023-01-30,2450.47 ,322.67 ,2213.35 ,738.62 ,17.38 
2023-01-31,2425.08 ,317.26 ,2218.51 ,740.49 ,17.75 
2023-02-01,2449.80 ,321.19 ,2226.05 ,750.96 ,17.54 
2023-02-02,2468.88 ,323.93 ,2247.34 ,764.62 ,17.08 
2023-02-03,2480.40 ,325.86 ,2241.14 ,766.79 ,17.01 
2023-02-06,2438.19 ,318.83 ,2250.61 ,761.33 ,17.55 
2023-02-07,2451.71 ,320.55 ,2248.23 ,772.79 ,17.31 
2023-02-08,2483.64 ,325.63 ,2259.21 ,779.98 ,17.50 
2023-02-09,2481.52 ,324.90 ,2259.77 ,784.58 ,17.95 
2023-02-10,2469.73 ,323.69 ,2240.58 ,772.44 ,17.53 
2023-02-13,2452.70 ,321.75 ,2238.07 ,772.55 ,18.23 
2023-02-14,2465.64 ,323.47 ,2251.31 ,779.58 ,18.52 
2023-02-15,2427.90 ,317.99 ,2219.75 ,765.46 ,18.18 
2023-02-16,2475.48 ,324.10 ,2243.17 ,784.71 ,17.84 
2023-02-17,2451.21 ,320.78 ,2246.79 ,775.62 ,18.23 
2023-02-20,2455.12 ,321.79 ,2263.58 ,788.89 ,18.64 
2023-02-21,2458.96 ,321.56 ,2280.27 ,793.42 ,18.89 
2023-02-22,2417.68 ,315.94 ,2256.17 ,778.51 ,19.56 
2023-02-23,2439.09 ,319.44 ,2265.69 ,783.28 ,18.99 
2023-02-24,2423.61 ,316.94 ,2248.90 ,778.88 ,18.81 
2023-02-27,2402.64 ,313.94 ,2236.65 ,780.30 ,19.38 
2023-02-28,2412.85 ,314.80 ,2250.18 ,791.60 ,18.53 
2023-03-02,2427.85 ,316.26 ,2270.77 ,787.19 ,18.31 
2023-03-03,2432.07 ,316.36 ,2278.36 ,802.42 ,17.69 
2023-03-06,2462.62 ,320.94 ,2294.83 ,816.51 ,17.18 
2023-03-07,2463.35 ,319.80 ,2323.47 ,815.76 ,16.95 
2023-03-08,2431.91 ,315.38 ,2307.67 ,813.95 ,17.21 
2023-03-09,2419.09 ,314.04 ,2294.69 ,809.22 ,16.53 
2023-03-10,2394.59 ,310.65 ,2261.20 ,788.60 ,17.56 
2023-03-13,2410.60 ,313.21 ,2234.29 ,788.89 ,18.20 
2023-03-14,2348.97 ,305.58 ,2157.61 ,758.05 ,21.11 
2023-03-15,2379.72 ,309.10 ,2196.21 ,781.17 ,18.75 
2023-03-16,2377.91 ,308.39 ,2181.44 ,781.98 ,19.97 
2023-03-17,2395.69 ,312.07 ,2202.41 ,797.39 ,18.26 
2023-03-20,2379.20 ,309.49 ,2210.26 ,802.20 ,20.62 
2023-03-21,2388.35 ,310.36 ,2209.80 ,802.53 ,19.51 
2023-03-22,2416.96 ,314.11 ,2211.58 ,813.43 ,18.29 
2023-03-23,2424.48 ,315.75 ,2200.51 ,812.19 ,17.97 
2023-03-24,2414.96 ,314.30 ,2207.94 ,824.11 ,17.59 
2023-03-27,2409.22 ,312.85 ,2207.87 ,827.69 ,17.97 
2023-03-28,2434.94 ,316.36 ,2234.41 ,833.51 ,16.81 
2023-03-29,2443.92 ,317.01 ,2258.81 ,843.94 ,16.15 
2023-03-30,2453.16 ,318.05 ,2277.94 ,850.48 ,15.70 
2023-03-31,2476.86 ,322.03 ,2272.05 ,847.52 ,15.57 
2023-04-03,2472.34 ,320.38 ,2294.35 ,854.96 ,15.88 
2023-04-04,2480.51 ,321.75 ,2310.81 ,857.18 ,15.22 
2023-04-05,2495.21 ,323.56 ,2313.78 ,872.36 ,15.36 
2023-04-06,2459.23 ,317.82 ,2299.06 ,865.58 ,15.87 
2023-04-07,2490.41 ,323.36 ,2307.14 ,880.07 ,15.35 
2023-04-10,2512.08 ,326.38 ,2300.20 ,887.78 ,15.72 
2023-04-11,2547.86 ,330.87 ,2328.36 ,898.94 ,15.62 
2023-04-12,2550.64 ,332.09 ,2349.83 ,890.62 ,15.82 
2023-04-13,2561.66 ,333.09 ,2356.01 ,894.25 ,15.52 
2023-04-14,2571.49 ,333.68 ,2381.85 ,903.84 ,15.42 
2023-04-17,2575.91 ,333.92 ,2412.91 ,909.50 ,15.49 
2023-04-18,2571.09 ,333.50 ,2408.77 ,909.02 ,15.17 
2023-04-19,2575.08 ,333.77 ,2452.64 ,909.20 ,14.86 
2023-04-20,2563.11 ,332.66 ,2416.23 ,885.71 ,14.63 
2023-04-21,2544.40 ,330.94 ,2397.65 ,868.82 ,14.62 
2023-04-24,2523.50 ,328.70 ,2365.92 ,855.23 ,14.86 
2023-04-25,2489.02 ,324.48 ,2337.64 ,838.71 ,15.02 
2023-04-26,2484.83 ,323.97 ,2326.01 ,830.44 ,15.09 
2023-04-27,2495.81 ,325.09 ,2333.50 ,850.21 ,14.86 
2023-04-28,2501.53 ,326.46 ,2316.65 ,842.83 ,14.51 
2023-05-02,2524.39 ,329.09 ,2353.10 ,855.61 ,14.21 
2023-05-03,2501.40 ,326.52 ,2354.24 ,843.18 ,15.09 
2023-05-04,2500.94 ,326.17 ,2350.42 ,845.06 ,15.27 
2023-05-08,2513.21 ,328.90 ,2355.78 ,842.28 ,14.87 
2023-05-09,2510.06 ,328.22 ,2345.88 ,835.85 ,14.39 
2023-05-10,2496.51 ,326.04 ,2348.45 ,829.74 ,14.77 
2023-05-11,2491.00 ,325.28 ,2351.68 ,824.54 ,14.31 
2023-05-12,2475.42 ,323.61 ,2338.42 ,822.43 ,13.93 
2023-05-15,2479.35 ,324.46 ,2328.08 ,814.53 ,13.81 
2023-05-16,2480.24 ,325.31 ,2316.82 ,816.75 ,13.59 
2023-05-17,2494.66 ,326.61 ,2334.97 ,834.19 ,13.52 
2023-05-18,2515.40 ,329.84 ,2349.76 ,835.89 ,13.54 
2023-05-19,2537.79 ,334.23 ,2351.47 ,841.72 ,14.13 
2023-05-22,2557.08 ,336.27 ,2373.10 ,852.04 ,14.74 
2023-05-23,2567.55 ,337.09 ,2375.57 ,859.16 ,14.56 
2023-05-24,2567.45 ,336.49 ,2376.07 ,855.46 ,14.87 
2023-05-25,2554.69 ,335.35 ,2369.65 ,847.72 ,15.07 
2023-05-26,2558.81 ,337.11 ,2348.20 ,843.23 ,14.96 
2023-05-30,2585.52 ,341.50 ,2353.36 ,851.50 ,14.79 
2023-05-31,2577.12 ,339.12 ,2351.58 ,856.94 ,14.80 
2023-06-01,2569.17 ,338.08 ,2360.35 ,863.78 ,14.35 
2023-06-02,2601.36 ,342.67 ,2379.34 ,868.06 ,13.96 
2023-06-05,2615.41 ,343.91 ,2395.84 ,870.28 ,14.08 
2023-06-07,2615.60 ,343.22 ,2396.31 ,880.72 ,13.71 
2023-06-08,2610.85 ,342.75 ,2388.09 ,876.13 ,13.44 
2023-06-09,2641.16 ,346.79 ,2404.48 ,883.71 ,13.16 
2023-06-12,2629.35 ,344.57 ,2408.31 ,885.76 ,13.45 
2023-06-13,2637.95 ,346.39 ,2408.72 ,896.81 ,13.76 
2023-06-14,2619.08 ,344.65 ,2392.37 ,871.83 ,13.55 
2023-06-15,2608.54 ,343.19 ,2380.91 ,878.04 ,13.25 
2023-06-16,2625.79 ,345.17 ,2411.16 ,887.95 ,13.13 
2023-06-19,2609.50 ,343.13 ,2429.46 ,888.61 ,13.35 
2023-06-20,2604.91 ,342.58 ,2428.52 ,886.41 ,13.02 
2023-06-21,2582.63 ,339.44 ,2418.39 ,875.70 ,13.36 
2023-06-22,2593.70 ,341.12 ,2419.20 ,876.38 ,13.24 
2023-06-23,2570.10 ,338.45 ,2397.56 ,874.84 ,13.04 
2023-06-26,2582.20 ,340.38 ,2404.70 ,879.50 ,13.46 
2023-06-27,2581.39 ,340.32 ,2411.69 ,874.14 ,13.18 
2023-06-28,2564.19 ,338.41 ,2409.53 ,866.97 ,13.10 
2023-06-29,2550.02 ,336.39 ,2382.80 ,861.79 ,12.93 
2023-06-30,2564.28 ,337.95 ,2397.51 ,868.24 ,12.59 
2023-07-03,2602.47 ,343.08 ,2425.84 ,889.29 ,12.73 
2023-07-04,2593.31 ,341.59 ,2432.56 ,890.00 ,12.27 
2023-07-05,2579.00 ,339.04 ,2427.53 ,891.18 ,12.37 
2023-07-06,2556.29 ,336.20 ,2394.17 ,870.53 ,12.98 
2023-07-07,2526.71 ,331.57 ,2385.88 ,867.27 ,14.58 
2023-07-10,2520.70 ,330.84 ,2395.28 ,860.35 ,14.63 
2023-07-11,2562.49 ,337.02 ,2414.78 ,878.73 ,13.82 
2023-07-12,2574.72 ,339.46 ,2434.11 ,879.88 ,13.76 
2023-07-13,2591.23 ,341.13 ,2440.01 ,893.07 ,13.25 
2023-07-14,2628.30 ,346.93 ,2446.29 ,896.28 ,13.19 
2023-07-17,2619.00 ,345.75 ,2458.09 ,898.29 ,13.21 
2023-07-18,2607.62 ,343.38 ,2431.12 ,914.14 ,13.07 
2023-07-19,2608.24 ,343.11 ,2414.90 ,923.72 ,12.91 
2023-07-20,2600.23 ,341.67 ,2417.46 ,931.60 ,13.22 
2023-07-21,2609.76 ,342.39 ,2414.61 ,934.58 ,13.35 
2023-07-24,2628.53 ,344.32 ,2394.44 ,929.90 ,14.12 
2023-07-25,2636.46 ,344.92 ,2379.77 ,939.96 ,14.08 
2023-07-26,2592.36 ,340.56 ,2279.32 ,900.63 ,14.53 
2023-07-27,2603.81 ,344.76 ,2310.46 ,883.79 ,13.90 
2023-07-28,2608.32 ,344.03 ,2357.60 ,913.74 ,14.15 
2023-07-31,2632.58 ,345.62 ,2390.95 ,935.97 ,14.21 
2023-08-01,2667.07 ,351.00 ,2399.22 ,939.67 ,14.06 
2023-08-02,2616.47 ,343.80 ,2383.57 ,909.76 ,15.36 
2023-08-03,2605.39 ,341.54 ,2378.26 ,920.32 ,15.88 
2023-08-04,2602.80 ,341.25 ,2380.36 ,918.43 ,15.55 
2023-08-07,2580.71 ,339.68 ,2369.64 ,898.22 ,15.71 
2023-08-08,2573.98 ,337.95 ,2353.81 ,892.34 ,15.40 
2023-08-09,2605.12 ,341.61 ,2370.82 ,908.98 ,14.15 
2023-08-10,2601.56 ,340.46 ,2386.49 ,911.29 ,14.00 
2023-08-11,2591.26 ,338.98 ,2402.45 ,912.20 ,13.44 
2023-08-14,2570.87 ,336.33 ,2383.69 ,901.68 ,14.14 
2023-08-16,2525.64 ,331.28 ,2347.99 ,878.29 ,15.15 
2023-08-17,2519.85 ,330.23 ,2328.85 ,886.04 ,15.57 
2023-08-18,2504.50 ,328.42 ,2333.30 ,877.32 ,16.03 
2023-08-21,2508.80 ,328.84 ,2353.28 ,888.71 ,16.03 
2023-08-22,2515.74 ,329.70 ,2346.73 ,893.33 ,15.33 
2023-08-23,2505.50 ,329.15 ,2340.94 ,882.87 ,14.97 
2023-08-24,2537.68 ,333.82 ,2354.88 ,901.74 ,13.94 
2023-08-25,2519.14 ,330.25 ,2349.81 ,899.38 ,14.86 
2023-08-28,2543.41 ,332.53 ,2384.83 ,909.38 ,14.18 
2023-08-29,2552.16 ,333.76 ,2398.03 ,916.24 ,13.49 
2023-08-30,2561.22 ,334.94 ,2411.30 ,923.81 ,13.05 
2023-08-31,2556.27 ,334.75 ,2405.83 ,928.40 ,12.78 
2023-09-01,2563.71 ,338.28 ,2394.56 ,919.74 ,12.53 
2023-09-04,2584.55 ,341.02 ,2392.56 ,919.16 ,12.49 
2023-09-05,2582.18 ,340.29 ,2389.73 ,921.48 ,12.42 
2023-09-06,2563.34 ,337.85 ,2378.36 ,917.95 ,12.46 
2023-09-07,2548.26 ,336.74 ,2351.92 ,906.36 ,12.69 
2023-09-08,2547.68 ,336.40 ,2366.28 ,914.18 ,12.40 
2023-09-11,2556.88 ,337.58 ,2375.23 ,912.55 ,12.42 
2023-09-12,2536.58 ,335.54 ,2360.43 ,898.04 ,12.40 
2023-09-13,2534.70 ,335.99 ,2348.46 ,882.72 ,12.64 
2023-09-14,2572.89 ,341.19 ,2356.03 ,899.47 ,12.02 
2023-09-15,2601.28 ,344.98 ,2375.15 ,899.03 ,11.73 
2023-09-18,2574.72 ,340.67 ,2368.74 ,891.29 ,12.85 
2023-09-19,2559.21 ,338.82 ,2355.72 ,883.89 ,12.95 
2023-09-20,2559.74 ,338.75 ,2348.78 ,882.72 ,13.03 
2023-09-21,2514.97 ,333.04 ,2313.85 ,860.68 ,13.96 
2023-09-22,2508.13 ,332.02 ,2302.41 ,857.35 ,14.18 
2023-09-25,2495.76 ,331.58 ,2277.75 ,839.17 ,14.10 
2023-09-26,2462.97 ,326.90 ,2248.70 ,827.82 ,14.74 
2023-09-27,2465.07 ,326.71 ,2268.35 ,841.02 ,15.08 
2023-10-04,2405.69 ,319.45 ,2212.19 ,807.40 ,18.09 
2023-10-05,2403.60 ,318.58 ,2193.15 ,801.02 ,17.34 
2023-10-06,2408.73 ,318.94 ,2218.63 ,816.39 ,17.39 
2023-10-10,2402.58 ,319.11 ,2193.44 ,795.00 ,17.56 
2023-10-11,2450.08 ,324.74 ,2222.90 ,817.12 ,16.74 
2023-10-12,2479.82 ,328.85 ,2246.25 ,835.49 ,15.70 
2023-10-13,2456.15 ,325.77 ,2240.84 ,822.78 ,15.95 
2023-10-16,2436.24 ,323.29 ,2234.49 ,810.54 ,17.07 
2023-10-17,2460.17 ,327.35 ,2251.64 ,820.38 ,16.18 
2023-10-18,2462.60 ,328.82 ,2244.39 ,808.89 ,16.00 
2023-10-19,2415.80 ,322.76 ,2202.80 ,784.04 ,18.23 
2023-10-20,2375.00 ,317.96 ,2173.67 ,769.25 ,19.53 
2023-10-23,2357.02 ,315.50 ,2160.54 ,763.69 ,19.65 
2023-10-24,2383.51 ,318.43 ,2186.40 ,784.86 ,18.82 
2023-10-25,2363.17 ,316.49 ,2201.72 ,770.84 ,18.56 
2023-10-26,2299.08 ,307.75 ,2153.57 ,743.85 ,21.14 
2023-10-27,2302.81 ,308.53 ,2151.24 ,748.49 ,20.02 
2023-10-30,2310.55 ,308.95 ,2168.71 ,757.12 ,20.03 
2023-10-31,2277.99 ,305.56 ,2144.78 ,736.10 ,19.89 
2023-11-01,2301.56 ,309.71 ,2162.11 ,739.23 ,18.79 
2023-11-02,2343.12 ,315.16 ,2187.83 ,772.84 ,17.49 
2023-11-03,2368.34 ,318.24 ,2208.44 ,782.05 ,16.70 
2023-11-06,2502.37 ,334.16 ,2231.94 ,839.45 ,18.65 
2023-11-07,2443.96 ,327.29 ,2216.30 ,824.37 ,18.23 
2023-11-08,2421.62 ,324.00 ,2212.06 ,811.02 ,17.56 
2023-11-09,2427.08 ,325.29 ,2208.98 ,802.87 ,16.84 
2023-11-10,2409.66 ,323.75 ,2192.45 ,789.31 ,17.13 
2023-11-13,2403.76 ,323.31 ,2174.46 ,774.42 ,17.68 
2023-11-14,2433.25 ,326.57 ,2200.56 ,794.19 ,17.35 
2023-11-15,2486.67 ,333.96 ,2232.62 ,809.36 ,17.24 
2023-11-16,2488.18 ,334.31 ,2244.99 ,811.11 ,16.98 
2023-11-17,2469.85 ,332.06 ,2227.68 ,799.06 ,16.55 
2023-11-20,2491.20 ,334.23 ,2243.93 ,813.08 ,16.68 
2023-11-21,2510.42 ,336.57 ,2257.94 ,817.01 ,16.18 
2023-11-22,2511.70 ,336.81 ,2260.42 ,814.61 ,15.88 
2023-11-23,2514.96 ,336.91 ,2260.26 ,815.98 ,15.13 
2023-11-24,2496.63 ,334.00 ,2266.64 ,815.00 ,15.04 
2023-11-27,2495.66 ,333.67 ,2262.04 ,810.25 ,15.20 
2023-11-28,2521.76 ,337.52 ,2266.77 ,816.44 ,15.35 
2023-11-29,2519.81 ,336.62 ,2257.70 ,822.44 ,14.60 
2023-11-30,2535.29 ,338.43 ,2270.22 ,831.68 ,14.46 
2023-12-01,2505.01 ,334.80 ,2270.85 ,827.24 ,14.50 
2023-12-04,2514.95 ,336.14 ,2270.47 ,828.52 ,14.61 
2023-12-05,2494.28 ,332.85 ,2258.49 ,813.38 ,14.84 
2023-12-06,2495.38 ,333.45 ,2271.47 ,819.54 ,14.56 
2023-12-07,2492.07 ,332.67 ,2271.17 ,813.20 ,16.85 
2023-12-08,2517.85 ,336.60 ,2280.37 ,830.37 ,14.76 
2023-12-11,2525.36 ,337.93 ,2284.71 ,835.25 ,14.59 
2023-12-12,2535.27 ,339.77 ,2280.58 ,839.53 ,14.45 
2023-12-13,2510.66 ,336.68 ,2269.27 ,829.31 ,14.30 
2023-12-14,2544.18 ,341.33 ,2271.36 ,840.59 ,14.11 
2023-12-15,2563.56 ,343.99 ,2275.93 ,838.31 ,13.98 
2023-12-18,2566.86 ,343.50 ,2286.04 ,850.96 ,14.27 
2023-12-19,2568.55 ,343.95 ,2282.60 ,858.30 ,13.85 
2023-12-20,2614.30 ,350.11 ,2303.52 ,862.98 ,14.78 
2023-12-21,2600.02 ,348.78 ,2294.27 ,859.44 ,14.93 
2023-12-22,2599.51 ,349.15 ,2297.53 ,854.62 ,14.97 
2023-12-26,2602.59 ,350.43 ,2287.33 ,848.34 ,16.25 
2023-12-27,2613.50 ,352.46 ,2263.38 ,859.79 ,16.55 
2023-12-28,2655.28 ,357.99 ,2286.39 ,866.57 ,17.78 
2024-01-02,2669.81 ,360.55 ,2297.72 ,878.93 ,18.61 
2024-01-03,2607.31 ,351.20 ,2291.04 ,871.57 ,18.28 
2024-01-04,2587.02 ,348.07 ,2281.52 ,866.25 ,18.20 
2024-01-05,2578.08 ,347.22 ,2273.59 ,878.33 ,17.80 
2024-01-08,2567.82 ,345.58 ,2274.03 ,879.34 ,17.77 
2024-01-09,2561.24 ,343.81 ,2291.38 ,884.64 ,17.42 
2024-01-10,2541.98 ,340.66 ,2291.55 ,875.46 ,16.79 
2024-01-11,2540.27 ,340.28 ,2299.78 ,882.53 ,17.14 
2024-01-12,2525.05 ,338.22 ,2285.36 ,868.08 ,16.77 
2024-01-15,2525.99 ,339.24 ,2279.34 ,859.71 ,16.84 
2024-01-16,2497.59 ,334.73 ,2267.88 ,854.83 ,17.18 
2024-01-17,2435.90 ,326.11 ,2226.46 ,833.05 ,19.31 
2024-01-18,2440.04 ,327.13 ,2237.71 ,840.33 ,18.32 
2024-01-19,2472.74 ,332.99 ,2252.95 ,842.67 ,17.64 
2024-01-22,2464.35 ,332.63 ,2243.80 ,839.69 ,18.01 
2024-01-23,2478.61 ,334.97 ,2246.47 ,840.11 ,17.39 
2024-01-24,2469.69 ,333.27 ,2229.95 ,836.21 ,17.07 
2024-01-25,2470.34 ,333.80 ,2228.50 ,823.74 ,16.92 
2024-01-26,2478.56 ,334.21 ,2244.26 ,837.24 ,16.96 
2024-01-29,2500.65 ,337.84 ,2251.94 ,819.14 ,17.27 
2024-01-30,2498.81 ,337.48 ,2263.18 ,818.86 ,17.11 
2024-01-31,2497.09 ,336.24 ,2255.39 ,799.24 ,17.02 
2024-02-01,2542.46 ,342.41 ,2290.01 ,798.73 ,16.79 
2024-02-02,2615.31 ,353.43 ,2321.29 ,814.77 ,17.79 
2024-02-05,2591.31 ,349.15 ,2330.29 ,807.99 ,18.06 
2024-02-06,2576.20 ,347.80 ,2310.43 ,807.03 ,17.59 
2024-02-07,2609.58 ,352.25 ,2328.39 ,811.92 ,17.62 
2024-02-08,2620.32 ,353.29 ,2326.81 ,826.58 ,17.24 
2024-02-13,2649.64 ,357.38 ,2347.69 ,845.15 ,18.02 
2024-02-14,2620.42 ,352.69 ,2350.00 ,853.30 ,17.98 
2024-02-15,2613.80 ,351.21 ,2341.77 ,859.21 ,17.79 
2024-02-16,2648.76 ,355.52 ,2352.37 ,857.60 ,17.41 
2024-02-19,2680.26 ,360.88 ,2382.12 ,858.47 ,18.02 
2024-02-20,2657.79 ,356.92 ,2374.53 ,866.17 ,18.09 
2024-02-21,2653.31 ,356.04 ,2365.29 ,864.07 ,18.50 
2024-02-22,2664.27 ,357.67 ,2365.70 ,870.11 ,18.22 
2024-02-23,2667.70 ,358.57 ,2359.43 ,868.57 ,18.31 
2024-02-26,2647.08 ,355.48 ,2337.14 ,867.40 ,17.94 
2024-02-27,2625.05 ,352.76 ,2311.92 ,853.75 ,17.16 
2024-02-28,2652.29 ,356.79 ,2320.60 ,863.39 ,16.83 
2024-02-29,2642.36 ,355.57 ,2314.80 ,862.96 ,16.77 
2024-03-04,2674.27 ,361.10 ,2323.89 ,872.97 ,17.33 
2024-03-05,2649.40 ,357.59 ,2317.94 ,866.37 ,17.13 
2024-03-06,2641.49 ,356.25 ,2319.43 ,870.67 ,17.25 
2024-03-07,2647.62 ,356.82 ,2301.92 ,863.37 ,17.25 
2024-03-08,2680.35 ,361.71 ,2310.34 ,873.18 ,17.25 
2024-03-11,2659.84 ,358.34 ,2304.78 ,875.93 ,18.05 
2024-03-12,2681.81 ,361.11 ,2303.76 ,889.71 ,17.80 
2024-03-13,2693.57 ,363.04 ,2312.59 ,889.93 ,16.93 
2024-03-14,2718.76 ,366.68 ,2320.12 ,887.52 ,16.51 
2024-03-15,2666.84 ,359.39 ,2315.90 ,880.46 ,16.83 
2024-03-18,2685.84 ,361.31 ,2324.78 ,894.48 ,17.12 
2024-03-19,2656.17 ,357.33 ,2320.49 ,891.91 ,16.78 
2024-03-20,2690.14 ,363.32 ,2333.97 ,891.45 ,16.92 
2024-03-21,2754.86 ,373.66 ,2351.52 ,904.29 ,17.53 
2024-03-22,2748.56 ,372.65 ,2360.51 ,903.98 ,17.13 
2024-03-25,2737.57 ,370.73 ,2360.45 ,913.69 ,17.35 
2024-03-26,2757.09 ,374.60 ,2358.81 ,916.09 ,17.34 
2024-03-27,2755.11 ,374.08 ,2348.68 ,911.25 ,17.14 
2024-03-28,2745.82 ,373.22 ,2337.00 ,910.05 ,16.88 
2024-03-29,2746.63 ,374.63 ,2329.33 ,905.50 ,16.84 
2024-04-01,2747.86 ,374.28 ,2345.16 ,912.45 ,17.13 
2024-04-02,2753.16 ,376.34 ,2325.51 ,891.59 ,17.10 
2024-04-03,2706.97 ,369.72 ,2313.44 ,879.96 ,17.63 
2024-04-04,2742.00 ,375.61 ,2326.59 ,882.90 ,17.20 
2024-04-05,2714.21 ,371.57 ,2312.19 ,872.29 ,18.12 
2024-04-08,2717.65 ,372.51 ,2296.11 ,860.57 ,18.16 
2024-04-09,2705.16 ,370.27 ,2296.42 ,859.33 ,18.09 
2024-04-11,2706.96 ,370.72 ,2289.43 ,858.10 ,18.03 
2024-04-12,2681.82 ,367.25 ,2293.30 ,860.47 ,17.59 
2024-04-15,2670.43 ,365.31 ,2287.82 ,852.42 ,18.45 
2024-04-16,2609.63 ,356.67 ,2247.31 ,832.81 ,19.95 
2024-04-17,2584.18 ,352.79 ,2251.77 ,833.03 ,20.02 
2024-04-18,2634.70 ,359.06 ,2287.65 ,855.65 ,19.42 
2024-04-19,2591.86 ,352.58 ,2270.81 ,841.91 ,21.22 
2024-04-22,2629.44 ,356.89 ,2286.29 ,845.82 ,19.80 
2024-04-23,2623.02 ,355.98 ,2294.97 ,845.44 ,18.93 
2024-04-24,2675.75 ,363.60 ,2314.00 ,862.23 ,18.02 
2024-04-25,2628.62 ,356.51 ,2308.80 ,853.26 ,18.82 
2024-04-26,2656.33 ,361.02 ,2321.03 ,856.82 ,18.32 
2024-04-29,2687.44 ,364.48 ,2342.42 ,869.72 ,18.13 
2024-04-30,2692.06 ,365.13 ,2347.11 ,868.93 ,18.14 
2024-05-02,2683.65 ,364.31 ,2343.28 ,867.48 ,17.88 
2024-05-03,2676.63 ,363.58 ,2342.44 ,865.59 ,17.51 
2024-05-07,2734.36 ,372.80 ,2356.13 ,871.26 ,17.21 
2024-05-08,2745.05 ,374.09 ,2368.50 ,872.42 ,16.46 
2024-05-09,2712.14 ,368.83 ,2366.36 ,870.15 ,16.49 
2024-05-10,2727.63 ,371.08 ,2374.61 ,864.16 ,16.29 
2024-05-13,2727.21 ,370.99 ,2380.59 ,854.43 ,16.60 
2024-05-14,2730.34 ,371.04 ,2386.11 ,862.15 ,16.73 
2024-05-16,2753.00 ,374.60 ,2402.07 ,870.37 ,15.98 
2024-05-17,2724.62 ,370.58 ,2389.56 ,855.06 ,15.98 
2024-05-20,2742.14 ,373.68 ,2395.94 ,847.08 ,15.95 
2024-05-21,2724.18 ,371.55 ,2391.75 ,846.51 ,15.85 
2024-05-22,2723.46 ,371.41 ,2389.09 ,845.72 ,15.71 
2024-05-23,2721.81 ,371.62 ,2385.43 ,846.58 ,15.22 
2024-05-24,2687.60 ,366.08 ,2385.62 ,839.41 ,15.43 
2024-05-27,2722.99 ,371.16 ,2389.12 ,847.99 ,15.21 
2024-05-28,2722.85 ,371.33 ,2396.52 ,851.01 ,15.07 
2024-05-29,2677.30 ,364.96 ,2379.27 ,838.45 ,15.66 
2024-05-30,2635.44 ,358.70 ,2357.91 ,831.99 ,16.82 
2024-05-31,2636.52 ,358.21 ,2365.32 ,839.98 ,16.90 
2024-06-03,2682.52 ,365.48 ,2401.87 ,844.72 ,16.69 
2024-06-04,2662.10 ,362.52 ,2381.76 ,845.84 ,16.64 
2024-06-05,2689.50 ,366.44 ,2380.43 ,850.75 ,16.56 
2024-06-07,2722.67 ,371.39 ,2376.27 ,866.18 ,16.64 
2024-06-10,2701.17 ,367.46 ,2392.46 ,864.71 ,17.17 
2024-06-11,2705.32 ,367.71 ,2386.65 ,868.36 ,17.16 
2024-06-12,2728.17 ,371.12 ,2397.33 ,870.67 ,17.40 
2024-06-13,2754.89 ,374.75 ,2404.97 ,871.33 ,16.52 
2024-06-14,2758.42 ,376.00 ,2415.40 ,862.19 ,16.03 
2024-06-17,2744.10 ,373.86 ,2410.66 ,858.96 ,16.71 
2024-06-18,2763.92 ,377.73 ,2417.65 ,858.95 ,16.34 
2024-06-19,2797.33 ,383.01 ,2398.82 ,861.17 ,16.33 
2024-06-20,2807.63 ,384.78 ,2414.73 ,857.51 ,16.56 
2024-06-21,2784.26 ,380.88 ,2409.18 ,852.67 ,16.52 
2024-06-24,2764.73 ,378.39 ,2396.26 ,841.52 ,17.02 
2024-06-25,2774.39 ,379.85 ,2401.18 ,841.99 ,16.98 
2024-06-26,2792.05 ,383.01 ,2402.21 ,842.12 ,16.74 
2024-06-27,2784.06 ,382.27 ,2392.56 ,838.65 ,16.57 
2024-06-28,2797.82 ,384.02 ,2403.25 ,840.44 ,16.10 
2024-07-01,2804.31 ,384.34 ,2386.67 ,847.15 ,16.05 
2024-07-02,2780.86 ,381.20 ,2365.92 ,829.91 ,15.88 
2024-07-03,2794.01 ,383.23 ,2342.98 ,836.10 ,15.55 
2024-07-04,2824.94 ,388.53 ,2345.42 ,840.81 ,16.36 
2024-07-05,2862.23 ,395.47 ,2343.45 ,847.49 ,16.72 
2024-07-08,2857.76 ,394.47 ,2368.75 ,859.27 ,16.81 
2024-07-09,2867.38 ,395.79 ,2374.42 ,860.42 ,16.28 
2024-07-10,2867.99 ,395.60 ,2379.16 ,858.55 ,16.08 
2024-07-11,2891.35 ,398.52 ,2378.41 ,852.42 ,16.12 
2024-07-12,2857.00 ,392.29 ,2372.76 ,850.37 ,16.44 
2024-07-15,2860.92 ,393.84 ,2387.92 ,852.88 ,16.47 
2024-07-16,2866.09 ,395.31 ,2382.96 ,839.61 ,16.34 
2024-07-17,2843.29 ,391.55 ,2378.64 ,829.41 ,16.53 
2024-07-18,2824.35 ,389.00 ,2362.63 ,822.48 ,16.79 
2024-07-19,2795.46 ,383.89 ,2354.68 ,828.72 ,17.27 
2024-07-22,2763.51 ,379.84 ,2330.14 ,809.96 ,18.39 
2024-07-23,2774.29 ,381.65 ,2334.43 ,812.12 ,17.47 
2024-07-24,2758.71 ,378.66 ,2333.90 ,814.25 ,17.42 
2024-07-25,2710.65 ,371.26 ,2296.10 ,797.29 ,18.77 
2024-07-26,2731.90 ,374.20 ,2317.51 ,797.56 ,17.98 
2024-07-29,2765.53 ,378.73 ,2336.33 ,807.99 ,17.51 
2024-07-30,2738.19 ,374.87 ,2310.85 ,803.78 ,17.78 
2024-07-31,2770.69 ,380.49 ,2330.39 ,803.15 ,17.51 
2024-08-01,2777.68 ,380.54 ,2351.06 ,813.53 ,17.12 
2024-08-02,2676.19 ,365.17 ,2281.48 ,779.33 ,21.77 
2024-08-05,2441.55 ,331.86 ,2084.77 ,691.28 ,45.86 
2024-08-06,2522.15 ,341.73 ,2165.00 ,732.87 ,43.08 
2024-08-07,2568.41 ,349.09 ,2207.40 ,748.54 ,30.17 
2024-08-08,2556.73 ,346.70 ,2208.80 ,745.28 ,29.02 
2024-08-09,2588.43 ,351.52 ,2243.19 ,764.43 ,26.53 
2024-08-12,2618.30 ,355.61 ,2260.27 ,772.72 ,24.49 
2024-08-13,2621.50 ,357.02 ,2248.32 ,764.86 ,23.64 
2024-08-14,2644.50 ,360.39 ,2274.04 ,776.83 ,22.10 
2024-08-16,2697.23 ,369.11 ,2282.11 ,786.33 ,19.90 
2024-08-19,2674.36 ,365.52 ,2274.71 ,777.47 ,23.22 
2024-08-20,2696.63 ,368.99 ,2300.57 ,787.44 ,21.03 
2024-08-21,2701.13 ,368.22 ,2291.65 ,779.87 ,21.18 
2024-08-22,2707.67 ,369.10 ,2276.46 ,773.47 ,21.16 
2024-08-23,2701.69 ,367.91 ,2275.17 ,773.26 ,21.28 
2024-08-26,2698.01 ,366.31 ,2263.69 ,766.79 ,20.96 
2024-08-27,2689.25 ,364.56 ,2264.22 ,764.95 ,19.76 
2024-08-28,2689.83 ,365.28 ,2247.40 ,762.50 ,19.38 
2024-08-29,2662.28 ,360.10 ,2228.89 ,756.04 ,19.80 
2024-08-30,2674.31 ,361.55 ,2241.65 ,767.66 ,18.81 
2024-09-02,2681.00 ,362.09 ,2239.04 ,769.21 ,19.34 
2024-09-03,2664.63 ,358.80 ,2242.19 ,760.37 ,19.73 
2024-09-04,2580.80 ,346.66 ,2189.04 ,731.75 ,26.04 
2024-09-05,2575.50 ,345.92 ,2175.84 ,725.28 ,25.50 
2024-09-06,2544.28 ,342.37 ,2147.38 ,706.59 ,26.81 
2024-09-09,2535.93 ,340.18 ,2165.09 ,714.46 ,25.61 
2024-09-10,2523.43 ,338.48 ,2153.42 ,706.20 ,23.84 
2024-09-11,2513.37 ,335.65 ,2148.57 ,709.42 ,24.06 
2024-09-12,2572.09 ,343.85 ,2184.69 ,731.03 ,21.73 
2024-09-13,2575.41 ,343.69 ,2198.26 ,733.20 ,21.68 
2024-09-19,2580.80 ,343.28 ,2204.89 ,739.51 ,22.16 
2024-09-20,2593.37 ,344.67 ,2219.98 ,748.33 ,21.00 
2024-09-23,2602.01 ,345.78 ,2221.20 ,755.12 ,21.49 
2024-09-24,2631.68 ,349.61 ,2233.15 ,767.35 ,22.26 
2024-09-25,2596.32 ,344.56 ,2226.00 ,759.30 ,23.91 
2024-09-26,2671.57 ,356.44 ,2250.73 ,779.18 ,25.63 
2024-09-27,2649.78 ,353.93 ,2250.47 ,774.49 ,25.40 
2024-09-30,2593.27 ,344.76 ,2230.61 ,763.88 ,25.44 
2024-10-02,2561.69 ,340.72 ,2208.19 ,762.13 ,25.89 
2024-10-04,2569.71 ,341.74 ,2214.51 ,768.98 ,25.84 
2024-10-07,2610.38 ,347.34 ,2234.08 ,781.01 ,25.41 
2024-10-08,2594.36 ,344.23 ,2227.01 ,778.24 ,25.62 
2024-10-10,2599.16 ,345.21 ,2228.21 ,775.48 ,23.27 
2024-10-11,2596.91 ,345.45 ,2223.84 ,770.98 ,21.99 
2024-10-14,2623.29 ,349.74 ,2233.41 ,770.26 ,21.81 
2024-10-15,2633.45 ,351.07 ,2233.36 ,773.81 ,21.24 
2024-10-16,2610.36 ,347.26 ,2229.54 ,765.79 ,21.65 
2024-10-17,2609.30 ,347.73 ,2223.79 ,765.06 ,21.09 
2024-10-18,2593.82 ,345.42 ,2209.46 ,753.22 ,20.75 
2024-10-21,2604.92 ,346.62 ,2213.02 ,759.95 ,20.90 
2024-10-22,2570.70 ,342.09 ,2187.77 ,738.34 ,21.70 
2024-10-23,2599.62 ,346.27 ,2189.59 ,745.19 ,21.54 
2024-10-24,2581.03 ,342.88 ,2177.02 ,734.59 ,22.09 
2024-10-25,2583.27 ,343.37 ,2164.16 ,727.41 ,22.12 
2024-10-28,2612.43 ,347.27 ,2182.66 ,740.48 ,21.92 
2024-10-29,2617.80 ,348.28 ,2183.45 ,744.18 ,21.44 
2024-10-30,2593.79 ,345.00 ,2179.83 ,738.19 ,21.55 
2024-10-31,2556.15 ,339.32 ,2181.68 ,743.06 ,22.65 
2024-11-01,2542.36 ,337.49 ,2168.25 ,729.05 ,22.95 
2024-11-04,2588.97 ,343.60 ,2186.89 ,754.08 ,22.83 
2024-11-05,2576.88 ,341.47 ,2191.40 ,751.81 ,22.52 
2024-11-06,2563.51 ,340.61 ,2188.16 ,743.31 ,20.72 
2024-11-07,2564.63 ,340.87 ,2186.29 ,733.52 ,19.77 
2024-11-08,2561.15 ,339.71 ,2185.35 ,743.38 ,19.03 
2024-11-11,2531.66 ,334.64 ,2154.89 ,728.84 ,19.82 
2024-11-12,2482.57 ,327.31 ,2110.13 ,710.52 ,21.62 
2024-11-13,2417.08 ,318.84 ,2064.38 ,689.65 ,24.86 
2024-11-14,2418.86 ,317.70 ,2064.28 ,681.56 ,23.41 
2024-11-15,2416.86 ,320.53 ,2077.01 ,685.42 ,21.74 
2024-11-18,2469.07 ,328.44 ,2092.78 ,689.55 ,21.09 
2024-11-19,2471.95 ,328.11 ,2099.31 ,686.12 ,20.01 
2024-11-20,2482.29 ,329.02 ,2101.86 ,682.91 ,19.93 
2024-11-21,2480.63 ,329.49 ,2103.18 ,680.67 ,19.46 
2024-11-22,2501.24 ,332.36 ,2111.88 ,677.01 ,18.91 
2024-11-25,2534.34 ,336.63 ,2128.75 ,696.83 ,18.59 
2024-11-26,2520.36 ,335.60 ,2137.76 ,693.15 ,18.50 
2024-11-27,2503.06 ,332.32 ,2128.67 ,692.00 ,18.20 
2024-11-28,2504.67 ,331.45 ,2124.81 ,694.39 ,17.72 
2024-11-29,2455.91 ,325.45 ,2094.67 ,678.19 ,19.34 
2024-12-02,2454.48 ,325.34 ,2072.51 ,675.84 ,19.94 
2024-12-03,2500.10 ,331.44 ,2096.11 ,690.80 ,19.07 
2024-12-04,2464.00 ,326.59 ,2070.03 ,677.15 ,21.34 
2024-12-05,2441.85 ,323.87 ,2045.08 ,670.94 ,20.73 
2024-12-06,2428.16 ,322.07 ,2024.11 ,661.33 ,22.00 
2024-12-09,2360.58 ,313.74 ,1948.23 ,627.01 ,23.45 
2024-12-10,2417.84 ,320.79 ,2032.95 ,661.59 ,21.62 
2024-12-11,2442.51 ,323.86 ,2088.09 ,675.92 ,20.60 
2024-12-12,2482.12 ,329.04 ,2102.70 ,683.35 ,19.91 
2024-12-13,2494.46 ,330.49 ,2122.06 ,693.73 ,19.49 
2024-12-16,2488.97 ,329.61 ,2128.77 ,698.53 ,18.88 
2024-12-17,2456.81 ,325.25 ,2129.33 ,694.47 ,18.36 
2024-12-18,2484.43 ,329.72 ,2144.48 ,697.57 ,17.96 
2024-12-19,2435.93 ,322.38 ,2131.43 ,684.36 ,20.30 
2024-12-20,2404.15 ,318.33 ,2107.54 ,668.31 ,21.45 
2024-12-23,2442.01 ,322.98 ,2143.19 ,679.24 ,20.07 
2024-12-24,2440.52 ,323.39 ,2143.34 ,680.11 ,20.02 
2024-12-26,2429.67 ,321.45 ,2134.45 ,675.64 ,20.49 
2024-12-27,2404.77 ,319.03 ,2089.32 ,665.97 ,20.88 
2024-12-30,2399.49 ,317.82 ,2094.16 ,678.19 ,21.14 
2025-01-02,2398.94 ,317.77 ,2107.77 ,686.63 ,20.70 
2025-01-03,2441.92 ,324.00 ,2123.77 ,705.76 ,20.31 
2025-01-06,2488.64 ,331.52 ,2143.96 ,717.96 ,20.71 
2025-01-07,2492.10 ,330.89 ,2148.65 ,718.29 ,20.24 
2025-01-08,2521.05 ,334.95 ,2151.70 ,719.63 ,20.20 
2025-01-09,2521.90 ,335.40 ,2153.00 ,723.52 ,19.90 
2025-01-10,2515.78 ,334.55 ,2161.40 ,717.89 ,19.92 
2025-01-13,2489.56 ,330.31 ,2148.70 ,708.21 ,20.49 
2025-01-14,2497.40 ,330.74 ,2155.44 ,718.04 ,19.25 
2025-01-15,2496.81 ,330.97 ,2141.44 ,711.61 ,19.26 
2025-01-16,2527.49 ,335.73 ,2150.92 ,724.24 ,18.14 
2025-01-17,2523.55 ,335.09 ,2156.67 ,724.69 ,17.68 
2025-01-20,2520.05 ,333.94 ,2154.17 ,727.66 ,18.45 
2025-01-21,2518.03 ,334.44 ,2153.49 ,726.07 ,18.30 
2025-01-22,2547.06 ,338.76 ,2153.80 ,732.31 ,17.67 
2025-01-23,2515.49 ,334.50 ,2130.00 ,724.01 ,17.79 
2025-01-24,2536.80 ,336.74 ,2145.05 ,728.74 ,17.96 
2025-01-31,2517.37 ,333.36 ,2127.32 ,728.29 ,18.79 
2025-02-03,2453.95 ,324.55 ,2084.31 ,703.80 ,22.08 
2025-02-04,2481.69 ,328.72 ,2110.13 ,719.92 ,20.91 
2025-02-05,2509.27 ,332.47 ,2123.21 ,730.98 ,20.06 
2025-02-06,2536.75 ,336.53 ,2136.46 ,740.32 ,19.12 
2025-02-07,2521.92 ,333.89 ,2124.72 ,742.90 ,19.29 
2025-02-10,2521.27 ,334.50 ,2128.24 ,749.67 ,19.95 
2025-02-11,2539.05 ,336.67 ,2131.99 ,749.59 ,19.28 
2025-02-12,2548.39 ,337.23 ,2125.60 ,745.18 ,18.80 
2025-02-13,2583.17 ,341.06 ,2145.93 ,749.28 ,18.03 
2025-02-14,2591.05 ,342.76 ,2149.66 ,756.32 ,17.70 
2025-02-17,2610.42 ,345.11 ,2168.41 ,768.48 ,18.06 
2025-02-18,2626.81 ,347.84 ,2180.19 ,773.65 ,17.88 
2025-02-19,2671.52 ,354.53 ,2190.24 ,778.27 ,18.49 
2025-02-20,2654.06 ,352.15 ,2188.66 ,768.27 ,18.64 
2025-02-21,2654.58 ,351.92 ,2202.37 ,774.65 ,18.64 
2025-02-24,2645.27 ,349.90 ,2206.03 ,773.33 ,19.48 
2025-02-25,2630.29 ,347.54 ,2208.41 ,769.43 ,19.60 
2025-02-26,2641.09 ,349.31 ,2216.42 ,771.41 ,19.93 
2025-02-27,2621.75 ,346.45 ,2205.20 ,770.85 ,19.32 
2025-02-28,2532.78 ,334.27 ,2170.86 ,743.96 ,22.86 
2025-03-04,2528.92 ,334.02 ,2163.32 ,737.90 ,23.47 
2025-03-05,2558.13 ,337.08 ,2201.18 ,746.95 ,22.17 
2025-03-06,2576.16 ,340.31 ,2199.80 ,734.92 ,21.27 
2025-03-07,2563.48 ,338.42 ,2188.54 ,727.70 ,21.97 
2025-03-10,2570.39 ,338.79 ,2185.46 ,725.82 ,22.13 
2025-03-11,2537.60 ,334.96 ,2164.48 ,721.50 ,24.08 
2025-03-12,2574.82 ,340.89 ,2162.90 ,729.49 ,23.08 
2025-03-13,2573.64 ,341.42 ,2159.75 ,722.80 ,23.11 
2025-03-14,2566.36 ,340.80 ,2175.31 ,734.26 ,22.00 
2025-03-17,2610.69 ,348.19 ,2181.68 ,743.51 ,20.85 
2025-03-18,2612.34 ,347.84 ,2187.69 ,745.54 ,20.41 
2025-03-19,2628.62 ,350.85 ,2189.53 ,738.35 ,20.33 
2025-03-20,2637.10 ,353.50 ,2179.28 ,725.15 ,19.60 
2025-03-21,2643.13 ,355.18 ,2167.46 ,719.41 ,19.66 
2025-03-24,2632.07 ,353.24 ,2174.05 ,720.22 ,19.68 
2025-03-25,2615.81 ,351.09 ,2157.10 ,711.26 ,19.64 
2025-03-26,2643.94 ,355.00 ,2160.43 ,716.48 ,19.67 
2025-03-27,2607.15 ,350.26 ,2149.05 ,707.49 ,20.44 
2025-03-28,2557.98 ,342.96 ,2118.85 ,693.76 ,21.18 
2025-03-31,2481.12 ,332.40 ,2073.10 ,672.85 ,25.35 
2025-04-01,2521.39 ,338.22 ,2114.82 ,691.45 ,24.21 
2025-04-02,2505.86 ,336.26 ,2106.00 ,684.85 ,24.50 
2025-04-03,2486.70 ,332.92 ,2092.96 ,683.49 ,26.09 
2025-04-04,2465.42 ,328.67 ,2109.96 ,687.39 ,26.80 
2025-04-07,2328.20 ,309.60 ,2036.80 ,651.30 ,44.23 
2025-04-08,2334.23 ,310.03 ,2060.38 ,658.45 ,37.83 
2025-04-09,2293.70 ,304.53 ,2027.22 ,643.39 ,40.97 
2025-04-10,2445.06 ,325.08 ,2100.77 ,681.79 ,28.20 
2025-04-11,2432.72 ,322.32 ,2111.35 ,695.59 ,31.47 
2025-04-14,2455.89 ,325.33 ,2127.78 ,708.98 ,28.32 
2025-04-15,2477.41 ,328.14 ,2153.55 ,711.92 ,24.48 
2025-04-16,2447.43 ,323.53 ,2137.16 ,699.11 ,26.62 
2025-04-17,2470.41 ,326.30 ,2150.57 ,711.75 ,24.59 
2025-04-18,2483.42 ,328.35 ,2169.47 ,717.77 ,23.66 
2025-04-21,2488.42 ,329.31 ,2181.37 ,715.45 ,25.08 
2025-04-22,2486.64 ,328.61 ,2188.42 ,716.12 ,24.85 
2025-04-23,2525.56 ,333.94 ,2199.03 ,726.08 ,22.74 
2025-04-24,2522.33 ,333.72 ,2198.90 ,726.08 ,22.79 
2025-04-25,2546.30 ,336.87 ,2213.46 ,729.69 ,21.43 
2025-04-28,2548.86 ,337.08 ,2202.36 ,719.41 ,21.23 
2025-04-29,2565.42 ,339.06 ,2222.35 ,726.46 ,20.70 
2025-04-30,2556.61 ,338.74 ,2214.28 ,717.24 ,20.74 
2025-05-02,2559.79 ,338.79 ,2206.23 ,721.86 ,20.93 
2025-05-07,2573.80 ,341.31 ,2209.81 ,722.81 ,21.01 
2025-05-08,2579.48 ,341.47 ,2219.90 ,729.59 ,19.76 
2025-05-09,2577.27 ,341.49 ,2215.84 ,722.52 ,19.48 
2025-05-12,2607.33 ,347.08 ,2244.13 ,725.40 ,19.20 
2025-05-13,2608.42 ,347.17 ,2246.93 ,731.88 ,17.86 
2025-05-14,2640.57 ,351.79 ,2265.56 ,739.05 ,17.86 
2025-05-15,2621.36 ,349.16 ,2253.16 ,733.23 ,18.29 
2025-05-16,2626.87 ,350.45 ,2236.28 ,725.07 ,18.13 
2025-05-19,2603.42 ,346.57 ,2225.43 ,713.75 ,19.69 
2025-05-20,2601.80 ,347.02 ,2251.44 ,715.55 ,19.18 
2025-05-21,2625.58 ,349.38 ,2263.59 ,723.62 ,19.48 
2025-05-22,2593.67 ,344.80 ,2251.93 ,717.67 ,19.95 
2025-05-23,2592.09 ,345.28 ,2264.10 ,715.98 ,19.59 
2025-05-26,2644.40 ,352.11 ,2275.59 ,725.27 ,19.63 
2025-05-27,2637.22 ,351.28 ,2274.11 ,727.11 ,20.01 
2025-05-28,2670.15 ,356.36 ,2294.91 ,728.79 ,20.67 
2025-05-29,2720.64 ,363.08 ,2341.78 ,736.29 ,21.97 
2025-05-30,2697.67 ,359.62 ,2346.44 ,734.35 ,22.55 
2025-06-02,2698.97 ,359.69 ,2338.03 ,740.29 ,22.71 
2025-06-04,2770.84 ,369.90 ,2396.62 ,750.21 ,22.03 
2025-06-05,2812.05 ,376.54 ,2405.33 ,756.23 ,22.49 
2025-06-09,2855.77 ,382.99 ,2453.77 ,764.21 ,24.84 
2025-06-10,2871.85 ,384.79 ,2452.31 ,771.20 ,24.34 
2025-06-11,2907.04 ,389.79 ,2471.69 ,786.29 ,22.77 
2025-06-12,2920.03 ,390.62 ,2484.10 ,789.45 ,22.17 
2025-06-13,2894.62 ,387.30 ,2443.58 ,768.86 ,24.91 
2025-06-16,2946.66 ,394.16 ,2479.53 ,777.26 ,24.77 
2025-06-17,2950.30 ,395.18 ,2465.28 ,775.65 ,25.82 
2025-06-18,2972.19 ,398.86 ,2465.63 ,779.73 ,25.78 
2025-06-19,2977.74 ,399.29 ,2479.18 ,782.51 ,24.69 
2025-06-20,3021.84 ,405.32 ,2479.91 ,791.53 ,23.97 
2025-06-23,3014.47 ,404.32 ,2477.01 ,784.79 ,24.76 
2025-06-24,3103.64 ,417.76 ,2509.60 ,800.93 ,25.76 
2025-06-25,3108.25 ,419.51 ,2509.23 ,798.21 ,25.69 
2025-06-26,3079.56 ,415.66 ,2480.22 ,787.95 ,25.12 
2025-06-27,3055.94 ,412.72 ,2464.03 ,781.56 ,24.27 
2025-06-30,3071.70 ,414.60 ,2480.39 ,781.50 ,23.99 
2025-07-01,3089.65 ,416.26 ,2527.73 ,783.67 ,23.96 
2025-07-02,3075.06 ,414.43 ,2525.38 ,782.17 ,23.95 
2025-07-03,3116.27 ,420.94 ,2538.96 ,793.33 ,23.96 
2025-07-04,3054.28 ,412.74 ,2501.12 ,775.80 ,25.48 
2025-07-07,3059.47 ,413.02 ,2506.24 ,778.46 ,24.87 
2025-07-08,3114.95 ,421.22 ,2545.54 ,784.24 ,23.52 
2025-07-09,3133.74 ,422.02 ,2601.54 ,790.36 ,21.85 
2025-07-10,3183.23 ,428.42 ,2630.97 ,797.70 ,21.01 
2025-07-11,3175.77 ,428.07 ,2636.13 ,800.47 ,21.66 
2025-07-14,3202.03 ,432.49 ,2656.13 ,799.37 ,22.56 
2025-07-15,3215.28 ,434.78 ,2648.93 ,812.88 ,22.47 
2025-07-16,3186.38 ,431.16 ,2625.45 ,812.23 ,22.27 
2025-07-17,3192.29 ,431.64 ,2617.98 ,818.27 ,21.74 
2025-07-18,3188.07 ,431.10 ,2592.15 ,820.67 ,20.50 
2025-07-21,3210.81 ,434.56 ,2584.71 ,821.69 ,20.40 
2025-07-22,3169.94 ,428.05 ,2564.92 ,812.97 ,21.22 
2025-07-23,3183.77 ,430.04 ,2560.56 ,813.56 ,21.09 
2025-07-24,3190.45 ,430.03 ,2528.04 ,809.89 ,21.45 
2025-07-25,3196.05 ,430.78 ,2522.37 ,806.95 ,21.68 
2025-07-28,3209.52 ,433.37 ,2479.61 ,804.40 ,22.33 
2025-07-29,3230.57 ,435.84 ,2486.67 ,804.45 ,22.34 
2025-07-30,3254.47 ,439.81 ,2486.56 ,803.67 ,22.82 
2025-07-31,3245.44 ,438.60 ,2489.43 ,805.24 ,21.85 
2025-08-01,3119.41 ,420.72 ,2406.93 ,772.79 ,25.87 
2025-08-04,3147.75 ,424.79 ,2438.27 ,784.06 ,24.05 
2025-08-05,3198.00 ,431.25 ,2459.48 ,798.60 ,22.31 
2025-08-06,3198.14 ,430.68 ,2483.31 ,803.49 ,21.93 
2025-08-07,3227.68 ,435.35 ,2485.19 ,805.81 ,21.08 
2025-08-08,3210.01 ,433.47 ,2484.69 ,809.27 ,20.79 
2025-08-11,3206.77 ,433.29 ,2477.34 ,811.85 ,20.34 
2025-08-12,3189.91 ,431.63 ,2469.76 ,807.19 ,21.15 
2025-08-13,3224.37 ,436.92 ,2464.19 ,814.10 ,20.11 
2025-08-14,3225.66 ,436.57 ,2460.58 ,815.26 ,20.46 
2025-08-18,3177.28 ,429.19 ,2434.25 ,798.05 ,21.37 
2025-08-19,3151.56 ,426.18 ,2418.50 ,787.96 ,21.50 
2025-08-20,3130.09 ,423.66 ,2403.59 ,777.61 ,22.13 
2025-08-21,3141.74 ,424.41 ,2408.88 ,777.24 ,21.38 
2025-08-22,3168.73 ,428.50 ,2412.91 ,782.51 ,21.09 
2025-08-25,3209.86 ,433.89 ,2426.29 ,798.02 ,20.10 
2025-08-26,3179.36 ,429.41 ,2421.14 ,801.66 ,20.37 
2025-08-27,3187.16 ,430.31 ,2416.25 ,801.72 ,19.97 
2025-08-28,3196.32 ,431.81 ,2437.09 ,798.43 ,19.31 
2025-08-29,3186.01 ,430.12 ,2431.07 ,796.91 ,19.52 
2025-09-01,3142.93 ,423.33 ,2409.89 ,785.00 ,20.40 
2025-09-02,3172.35 ,428.15 ,2402.12 ,794.00 ,19.57 
2025-09-03,3184.42 ,430.37 ,2410.05 ,796.81 ,19.74 
2025-09-04,3200.83 ,432.32 ,2428.05 ,805.42 ,19.26 
2025-09-05,3205.12 ,432.86 ,2434.20 ,811.40 ,18.43 
2025-09-08,3219.59 ,434.85 ,2452.32 ,818.60 ,18.36 
2025-09-09,3260.05 ,441.28 ,2473.91 ,824.82 ,18.70 
2025-09-10,3314.53 ,450.05 ,2493.80 ,833.00 ,20.38 
2025-09-11,3344.20 ,454.00 ,2497.94 ,834.76 ,20.06 
2025-09-12,3395.54 ,462.74 ,2507.71 ,847.08 ,20.61 
2025-09-15,3407.31 ,464.65 ,2524.48 ,852.69 ,20.71 
2025-09-16,3449.62 ,472.85 ,2519.07 ,851.84 ,21.03 
2025-09-17,3413.40 ,466.99 ,2516.50 ,845.53 ,21.10 
2025-09-18,3461.30 ,475.34 ,2531.91 ,857.11 ,20.69 
2025-09-19,3445.24 ,473.44 ,2510.33 ,863.11 ,20.68 
2025-09-22,3468.65 ,478.29 ,2511.33 ,874.36 ,20.94 
2025-09-23,3486.19 ,481.54 ,2502.91 ,872.21 ,20.98 
2025-09-24,3472.14 ,480.39 ,2479.35 ,860.94 ,21.20 
2025-09-25,3471.11 ,480.63 ,2479.36 ,852.48 ,20.62 
2025-09-26,3386.05 ,468.03 ,2454.01 ,835.19 ,21.77 
2025-09-29,3431.21 ,475.22 ,2474.13 ,846.71 ,20.96 
2025-09-30,3424.60 ,474.03 ,2448.18 ,841.99 ,20.62 
2025-10-01,3455.83 ,479.37 ,2447.08 ,845.34 ,20.55 
2025-10-02,3549.21 ,493.41 ,2456.93 ,854.25 ,22.34 
2025-10-10,3610.60 ,506.97 ,2445.83 ,859.49 ,23.90 
2025-10-13,3584.55 ,501.87 ,2433.44 ,860.49 ,28.03 
2025-10-14,3561.81 ,496.89 ,2424.88 ,847.96 ,30.45 
2025-10-15,3657.28 ,510.55 ,2462.57 ,864.72 ,27.66 
2025-10-16,3748.37 ,524.45 ,2471.20 ,865.41 ,29.89 
2025-10-17,3748.89 ,525.48 ,2448.51 ,859.54 ,34.58 
2025-10-20,3814.69 ,535.28 ,2467.88 ,875.77 ,30.90 
2025-10-21,3823.84 ,535.28 ,2461.11 ,872.50 ,30.62 
2025-10-22,3883.68 ,542.59 ,2485.16 ,879.15 ,29.98 
2025-10-23,3845.56 ,536.37 ,2475.09 ,872.03 ,30.63 
2025-10-24,3941.59 ,550.01 ,2484.09 ,883.08 ,31.29 
2025-10-27,4042.83 ,565.69 ,2507.24 ,902.70 ,32.94 
2025-10-28,4010.41 ,559.51 ,2508.74 ,903.30 ,33.24 
2025-10-29,4081.15 ,571.51 ,2493.98 ,901.59 ,32.63 
2025-10-30,4086.89 ,575.21 ,2460.96 ,890.86 ,31.89 
2025-10-31,4107.50 ,579.46 ,2454.49 ,900.42 ,30.40 
2025-11-03,4221.87 ,599.03 ,2448.96 ,914.55 ,32.89 
2025-11-04,4121.74 ,581.94 ,2445.05 ,926.57 ,35.78 
2025-11-05,4004.42 ,565.40 ,2423.94 ,901.89 ,40.51 
2025-11-06,4026.45 ,568.38 ,2443.05 ,898.17 ,40.20 
2025-11-07,3953.76 ,557.98 ,2416.26 ,876.81 ,41.88 
2025-11-10,4073.24 ,575.31 ,2470.64 ,888.35 ,39.75 
2025-11-11,4106.39 ,581.41 ,2464.29 ,884.27 ,38.93 
2025-11-12,4150.39 ,586.73 ,2510.89 ,906.51 ,36.10 
2025-11-13,4170.63 ,588.65 ,2517.73 ,918.37 ,33.34 
2025-11-14,4011.57 ,563.43 ,2476.77 ,897.90 ,36.66 
2025-11-17,4089.25 ,576.65 ,2479.86 ,902.67 ,34.36 
2025-11-18,3953.62 ,556.45 ,2425.58 ,878.70 ,39.26 
2025-11-19,3929.51 ,552.66 ,2428.27 ,871.32 ,39.51 
2025-11-20,4004.85 ,564.20 ,2464.78 ,891.94 ,36.28 
2025-11-21,3853.26 ,540.36 ,2425.50 ,863.95 ,41.38 
2025-11-24,3846.06 ,540.81 ,2413.65 ,856.44 ,38.72 
2025-11-25,3857.78 ,544.62 ,2409.36 ,856.03 ,37.16 
2025-11-26,3960.87 ,559.37 ,2444.73 ,877.32 ,33.06 
2025-11-27,3986.91 ,563.36 ,2452.83 ,880.06 ,30.79 
2025-11-28,3926.59 ,554.00 ,2478.47 ,912.67 ,30.24 
2025-12-01,3920.37 ,553.96 ,2478.41 ,922.38 ,31.55 
2025-12-02,3994.93 ,565.72 ,2505.30 ,928.42 ,29.73 
2025-12-03,4036.30 ,570.79 ,2534.93 ,932.01 ,29.36 
2025-12-04,4028.51 ,569.75 ,2520.44 ,929.83 ,28.40 
2025-12-05,4100.05 ,580.81 ,2545.59 ,924.74 ,26.95 
2025-12-08,4154.85 ,589.17 ,2540.81 ,927.79 ,27.33 
2025-12-09,4143.55 ,585.76 ,2534.32 ,931.35 ,27.87 
2025-12-10,4135.00 ,585.52 ,2527.10 ,935.00 ,27.64 
2025-12-11,4110.62 ,580.16 ,2559.03 ,934.64 ,27.40 
2025-12-12,4167.16 ,587.93 ,2587.05 ,937.34 ,25.05 
2025-12-15,4090.59 ,574.49 ,2584.96 ,938.83 ,26.92 
2025-12-16,3999.13 ,561.52 ,2552.70 ,916.11 ,28.37 
2025-12-17,4056.41 ,572.62 ,2571.23 ,911.07 ,26.78 
2025-12-18,3994.51 ,565.65 ,2552.17 ,901.33 ,27.86 
2025-12-19,4020.55 ,568.40 ,2560.93 ,915.27 ,27.27 
2025-12-22,4105.93 ,582.73 ,2576.91 ,929.14 ,27.19 
2025-12-23,4117.32 ,584.64 ,2556.68 ,919.56 ,26.11 
2025-12-24,4108.62 ,584.21 ,2552.46 ,915.20 ,25.99 
2025-12-26,4129.68 ,590.08 ,2546.05 ,919.67 ,26.20 
2025-12-29,4220.56 ,605.69 ,2523.79 ,932.59 ,27.48 
2025-12-30,4214.17 ,605.98 ,2517.45 ,925.47 ,28.85 
2026-01-02,4309.63 ,624.17 ,2520.41 ,945.57 ,30.60 
2026-01-05,4457.52 ,648.74 ,2519.37 ,957.50 ,33.03 
2026-01-06,4525.48 ,659.45 ,2515.26 ,955.97 ,34.33 
2026-01-07,4551.06 ,664.48 ,2496.28 ,947.39 ,35.57 
2026-01-08,4552.37 ,664.18 ,2453.85 ,944.06 ,35.21 
2026-01-09,4586.32 ,668.25 ,2468.01 ,947.92 ,34.16 
2026-01-12,4624.79 ,672.86 ,2486.09 ,949.81 ,33.50 
2026-01-13,4692.64 ,680.71 ,2490.26 ,948.98 ,32.52 
2026-01-14,4723.10 ,685.76 ,2513.45 ,942.18 ,31.57 
2026-01-15,4797.55 ,696.39 ,2526.00 ,951.16 ,32.39 
2026-01-16,4840.74 ,704.64 ,2530.18 ,954.59 ,31.62 
2026-01-19,4904.66 ,713.96 ,2539.45 ,968.36 ,32.99 
2026-01-20,4885.75 ,708.48 ,2563.88 ,976.37 ,34.56 
2026-01-21,4909.93 ,714.94 ,2532.27 ,951.29 ,35.58 
2026-01-22,4952.53 ,722.30 ,2550.62 ,970.35 ,36.36 
2026-01-23,4990.07 ,727.29 ,2582.63 ,993.93 ,34.09 
2026-01-26,4949.59 ,720.04 ,2601.05 ,1064.41 ,34.35 
2026-01-27,5084.85 ,745.13 ,2600.47 ,1082.59 ,34.81 
2026-01-28,5170.81 ,758.72 ,2621.84 ,1133.52 ,38.68 
2026-01-29,5221.25 ,765.59 ,2654.15 ,1164.41 ,38.92 
2026-01-30,5224.36 ,768.41 ,2650.35 ,1149.44 ,39.58 
2026-02-02,4949.67 ,725.46 ,2594.35 ,1098.36 ,47.37 
2026-02-03,5288.08 ,779.54 ,2667.55 ,1144.33 ,50.14 
2026-02-04,5371.10 ,790.38 ,2730.72 ,1149.43 ,50.70 
2026-02-05,5163.57 ,756.95 ,2713.61 ,1108.41 ,52.21 
2026-02-06,5089.14 ,748.10 ,2674.02 ,1080.77 ,51.48 
2026-02-09,5298.04 ,780.94 ,2724.75 ,1127.55 ,47.16 
2026-02-10,5301.69 ,780.76 ,2757.45 ,1115.20 ,42.00 
2026-02-11,5354.49 ,788.75 ,2774.97 ,1114.87 ,38.88 
2026-02-12,5522.27 ,816.28 ,2801.66 ,1125.99 ,40.51 
2026-02-13,5507.01 ,814.59 ,2802.10 ,1106.08 ,41.57 
2026-02-19,5677.25 ,840.24 ,2874.67 ,1160.71 ,42.56 
2026-02-20,5808.53 ,859.59 ,2907.87 ,1154.00 ,43.87 
2026-02-23,5846.09 ,865.49 ,2939.06 ,1151.99 ,46.34 
2026-02-24,5969.64 ,886.88 ,2948.96 ,1165.00 ,48.12 
2026-02-25,6083.86 ,903.83 ,2953.40 ,1165.25 ,49.57 
2026-02-26,6307.27 ,944.02 ,2916.52 ,1188.15 ,54.67 
2026-02-27,6244.13 ,933.34 ,2904.17 ,1192.78 ,54.12 
2026-03-03,5791.91 ,859.40 ,2789.85 ,1137.70 ,62.98 
2026-03-04,5093.54 ,756.79 ,2510.98 ,978.44 ,80.37 
2026-03-05,5583.90 ,831.22 ,2692.45 ,1116.41 ,73.71 
2026-03-06,5584.87 ,828.83 ,2724.40 ,1154.67 ,62.72 
2026-03-09,5251.87 ,775.31 ,2614.02 ,1102.28 ,71.82 
2026-03-10,5532.59 ,823.02 ,2675.63 ,1137.68 ,66.61 
2026-03-11,5609.95 ,834.05 ,2714.73 ,1136.83 ,63.19 
2026-03-12,5583.25 ,827.51 ,2746.00 ,1148.40 ,65.35 
2026-03-13,5487.24 ,812.93 ,2741.18 ,1152.96 ,60.76 
2026-03-16,5549.85 ,826.83 ,2720.96 ,1138.29 ,54.67 
2026-03-17,5640.48 ,840.89 ,2744.91 ,1136.94 ,52.60 
2026-03-18,5925.03 ,888.57 ,2761.82 ,1164.38 ,54.18 
2026-03-19,5763.22 ,862.37 ,2743.00 ,1143.48 ,55.47 
2026-03-20,5781.20 ,862.50 ,2823.78 ,1161.52 ,55.64 
2026-03-23,5405.75 ,804.86 ,2717.16 ,1096.89 ,62.80 
2026-03-24,5553.92 ,827.64 ,2746.92 ,1121.44 ,64.99 
2026-03-25,5642.21 ,838.70 ,2786.33 ,1159.55 ,61.50 
2026-03-26,5460.46 ,808.89 ,2755.63 ,1136.64 ,59.85 
2026-03-27,5438.87 ,805.19 ,2750.04 ,1141.51 ,60.60 
2026-03-30,5277.30 ,780.32 ,2703.65 ,1107.05 ,61.43 
2026-03-31,5052.46 ,744.57 ,2642.77 ,1052.39 ,61.48 
2026-04-01,5478.70 ,813.84 ,2735.33 ,1116.18 ,61.65 
